0,TENATOPRAZOLE
1,DANAZOL
2,PANTOPRAZOLE
3,ARTEMISININ
4,OMEPRAZOLE
5,MELPHALAN
6,BISACODYL
7,DIACETAMATE
8,ENTACAPONE
9,TINIDAZOLE
10,NITRENDIPINE
11,PHENAZOPYRIDINE
12,SULFASALAZINE
13,RISPERIDONE
14,PALIPERIDONE
15,TACROLIMUS
16,CARVEDILOL
17,PIDOTIMOD
18,IDEBENONE
19,METHOXSALEN
20,LEVAMISOLE
21,LOVASTATIN
22,MEVASTATIN
23,PERICYAZINE
24,FINASTERIDE
25,BETAMETHASONE VALERATE
26,NORGESTIMATE
27,CAPECITABINE
28,CARBETAPENTANE CITRATE
29,ITRACONAZOLE
30,DULOXETINE
31,MEFLOQUINE
32,DICYCLOMINE
33,PIMOZIDE
34,PACLITAXEL
35,REPAGLINIDE
36,INDOMETHACIN
37,RAMIPRIL
38,EZETIMIBE
39,CELECOXIB
40,BENZBROMARONE
41,RANITIDINE
42,ZIPRASIDONE MESYLATE
43,NAFRONYL OXALATE
44,PHENYTOIN SODIUM
45,PENBUTOLOL SULFATE
46,CHLORMEZANONE
47,BUPROPION
48,AMANTADINE
49,METITEPINE MALEATE
50,TRIMETAZIDINE DIHYDROCHLORIDE
51,BICALUTAMIDE
52,TRANILAST
53,SULPIRIDE
54,ETHOXZOLAMIDE
55,METHYSERGIDE MALEATE
56,RIZATRIPTAN BENZOATE
57,BIPERIDEN
58,IMATINIB
59,VERAPAMIL
60,CAMYLOFINE DIHYDROCHLORIDE
61,ACECAINIDE
62,LOFEXIDINE
63,METOPROLOL TARTRATE
64,IRSOGLADINE MALEATE
65,MEMANTINE
66,ALPRENOLOL
67,DIPHENYLPYRALINE
68,ALFUZOSIN
69,PAPAVERINE
70,OXCARBAZEPINE
71,METHSUXIMIDE
72,PAROXETINE
73,ESZOPICLONE
74,ANAGRELIDE
75,ETHOPROPAZINE
76,DIPYRIDAMOLE
77,DOXAZOSIN MESYLATE
78,TRIHEXYPHENIDYL
79,METHYLPHENIDATE
80,FLUVOXAMINE MALEATE
81,THIOTHIXENE
82,CYCLOBENZAPRINE
83,BENZTHIAZIDE
84,NEVIRAPINE
85,VINPOCETINE
86,ANASTROZOLE
87,SILDENAFIL CITRATE
88,CLEMIZOLE
89,ORPHENADRINE CITRATE
90,ENALAPRIL MALEATE
91,CYCLOPHOSPHAMIDE
92,NOSCAPINE
93,ZIDOVUDINE [AZT]
94,SUMATRIPTAN SUCCINATE
95,TADALAFIL
96,GLICLAZIDE
97,BEZAFIBRATE
98,WARFARIN
99,NAPROXEN(+)
100,PROCARBAZINE
101,NAFTOPIDIL
102,OLANZAPINE
103,FLUCONAZOLE
104,CLONIDINE
105,NEOSTIGMINE BROMIDE
106,CIMETIDINE
107,FEBUXOSTAT
108,COLCHICINE
109,KETOROLAC TROMETHAMINE
110,METAXALONE
111,ZALEPLON
112,MIFEPRISTONE
113,OXYBUTYNIN CHLORIDE
114,RITONAVIR
115,DROSPIRENONE
116,BUDESONIDE
117,GLIPIZIDE
118,SULFINPYRAZONE
119,ETODOLAC
120,NATEGLINIDE
121,VORICONAZOLE
122,VALSARTAN
123,LOSARTAN
124,IRBESARTAN
125,REBAMIPIDE
126,NIZATIDINE
127,ERGONOVINE MALEATE
128,DASATINIB
129,PRIMAQUINE PHOSPHATE
130,NICERGOLINE
131,DEXAMETHASONE
132,ERGOTAMINE TARTRATE
133,NALOXONE
134,FENSPIRIDE
135,GALANTAMINE
136,SOTALOL
137,BETAMETHASONE ACETATE
138,DIGOXIN
139,DIGITOXIN
140,CLOPIDOGREL SULFATE
141,RILUZOLE
142,MEBENDAZOLE
143,RAMELTEON
144,CYPROTERONE ACETATE
145,OXAPROZIN
146,BENAZEPRIL
147,GRISEOFULVIN
148,TRANDOLAPRIL
149,QUINAPRIL
150,CETIRIZINE
151,CARISOPRODOL
152,TOLAZAMIDE
153,PRANOPROFEN
154,FAMPROFAZONE
155,TELMISARTAN
156,CLEMASTINE FUMARATE
157,LOPERAMIDE
158,MEGESTROL ACETATE
159,TRIMEBUTINE MALEATE
160,FENOFIBRATE
161,FLUPHENAZINE
162,DILTIAZEM
163,LEVONORGESTREL
164,DEFLAZACORT
165,DIFLORASONE DIACETATE
166,LINAGLIPTIN
167,OLMESARTAN MEDOXOMIL
168,FLUOXETINE
169,MYCOPHENOLATE MOFETIL
170,BROMOCRIPTINE MESYLATE
171,RACECADOTRIL
172,ROXATIDINE ACETATE
173,FAMCICLOVIR
174,VILAZODONE
175,NORETHINDRONE ACETATE
