0,BacteroidesCoprophilusDSM18228
1,BlautiaHanseniiDSM20583
2,ClostridiumSp_
3,EubacteriumBiformeDSM3989
4,ClostridiumSporogenesATCC15579
5,ClostridiumDifficile120
6,BifidobacteriumBreveDSM20213
7,EnterococcusFaecalisV583
8,ClostridiumScindensATCC35704
9,CollinsellaIntestinalisDSM13280
10,ClostridiumAsparagiformeDSM15981
11,EubacteriumHalliiDSM3353
12,RoseburiaIntestinalisL1_82
13,BlautiaLutiDSM14534
14,SubdoligranulumVariabileDSM15176
15,EubacteriumRectaleATCC33656
16,CoprococcusComesATCC27758
17,AnaerococcusHydrogenalisDSM7454
18,AnaerotruncusColihominisDSM17241
19,ClostridiumSymbiosumATCC14940
20,RuminococcusLactarisATCC29176
21,AnaerostipesSp_
22,ClostridiumBolteaeATCCBAA_613
23,CollinsellaAerofaciensATCC25986
24,DoreaFormicigeneransATCC27755
25,ClostridiumSpiroformeDSM1552
26,ClostridiumRamosumDSM1402
27,EubacteriumVentriosumATCC27560
28,MarvinbryantiaFormatexigensDSM14469
29,ClostridiumHathewayiDSM13479
30,RuminococcusGnavusATCC29149
31,RuminococcusTorquesATCC27756
32,EggerthellaLentaATCC25559
33,BifidobacteriumRuminatum
34,BifidobacteriumLongumSubsp_InfantisCCUG52486
35,BifidobacteriumAdolescentisATCC15703
36,AkkermansiaMuciniphilaATCCBAA_835
37,BacteroidesPectinophilusATCC43243
38,SalmonellaTyphimuriumLT2
39,ProvidenciaStuartiiATCC25827
40,ProvidenciaAlcalifaciensDSM30120
41,ProvidenciaRettgeriDSM1131
42,EdwardsiellaTardaATCC23685
43,EnterobacterCancerogenusATCC35316
44,ProteusPenneriATCC35198
45,LactobacillusReuteriCF48_3ABEIHM_102
46,EscherichiaColiK_12
47,BacteroidesCaccaeATCC43185
48,BacteroidesEggerthiiDSM20697
49,BacteroidesFragilis3397T10
50,BacteroidesStercorisATCC43183
51,BacteroidesOvatusATCC8483
52,BacteroidesThetaiotaomicron7330
53,BacteroidesThetaiotaomicronVPI_5482
54,BacteroidesThetaiotaomicron3731
55,ParabacteroidesJohnsoniiDSM18315
56,ParabacteroidesMerdaeATCC43184
57,BacteroidesWH2WH2
58,BacteroidesCellulosilyticusDSM14838
59,BacteroidesIntestinalisDSM17393
60,BacteroidesFinegoldiiDSM17565
61,AlistipesIndistinctusDSM22520
62,VictivallisVadensisATCCBAA_548
63,PrevotellaCopriDSM18205
64,ParabacteroidesDistasonisATCC8503
65,OdoribacterSplanchnius
66,BacteroidesFragilisNCTC9343
67,BacteroidesFragilisT_B_9
68,BacteroidesFragilisDS_208
69,BacteroidesFragilisHMW615
70,BacteroidesFragilisATCC43859
71,BacteroidesFragilisHMW610
72,BacteroidesXylanisolvensDSM18836
73,BacteroidesVulgatusATCC8482
74,BacteroidesDoreiDSM17855
75,BacteroidesUniformisATCC8492
